{"mean":{"confidence_interval":{"confidence_level":0.95,"lower_bound":-0.9991268061952149,"upper_bound":-0.9990767057549512},"point_estimate":-0.9991013017793909,"standard_error":0.000012778538330271804},"median":{"confidence_interval":{"confidence_level":0.95,"lower_bound":-0.9990891406765301,"upper_bound":-0.9990569568065788},"point_estimate":-0.9990727765203808,"standard_error":8.585605938523466e-6}}