{"mean":{"confidence_interval":{"confidence_level":0.95,"lower_bound":-0.03373345171073301,"upper_bound":-0.0029010057853813506},"point_estimate":-0.018626910186651635,"standard_error":0.0077630884411894},"median":{"confidence_interval":{"confidence_level":0.95,"lower_bound":-0.04808535260955027,"upper_bound":-0.020784632540361447},"point_estimate":-0.03124809829618791,"standard_error":0.006583250928231985}}