{"mean":{"confidence_interval":{"confidence_level":0.95,"lower_bound":-0.006305836440004703,"upper_bound":0.04752167837693228},"point_estimate":0.018903252181624808,"standard_error":0.013637768533959415},"median":{"confidence_interval":{"confidence_level":0.95,"lower_bound":-0.011398707797213081,"upper_bound":0.01837113432271331},"point_estimate":0.004989836358928024,"standard_error":0.008031512311335491}}