{"mean":{"confidence_interval":{"confidence_level":0.95,"lower_bound":0.0474757557531742,"upper_bound":0.10200488312827329},"point_estimate":0.07334282839489648,"standard_error":0.013981964056986674},"median":{"confidence_interval":{"confidence_level":0.95,"lower_bound":0.0607011431542841,"upper_bound":0.09211330259637784},"point_estimate":0.0771958889833142,"standard_error":0.00787244557287756}}