{"mean":{"confidence_interval":{"confidence_level":0.95,"lower_bound":-0.07060721144552984,"upper_bound":-0.03904733385991909},"point_estimate":-0.0538772491198497,"standard_error":0.008052399359775518},"median":{"confidence_interval":{"confidence_level":0.95,"lower_bound":-0.08075474231543767,"upper_bound":-0.02708496628218371},"point_estimate":-0.04633599983995362,"standard_error":0.015847298357360703}}