{"mean":{"confidence_interval":{"confidence_level":0.95,"lower_bound":-0.08705918221754853,"upper_bound":-0.033017666323971406},"point_estimate":-0.061764828561118534,"standard_error":0.01369912900292681},"median":{"confidence_interval":{"confidence_level":0.95,"lower_bound":-0.05688151601749569,"upper_bound":-0.023113395481926813},"point_estimate":-0.04163850692979587,"standard_error":0.008942911686887529}}