{"mean":{"confidence_interval":{"confidence_level":0.95,"lower_bound":188.9420187546433,"upper_bound":195.01783488881622},"point_estimate":191.87597686748165,"standard_error":1.5464105543611237},"median":{"confidence_interval":{"confidence_level":0.95,"lower_bound":183.8007330756269,"upper_bound":192.99113393239196},"point_estimate":188.93432719002894,"standard_error":2.398359584162802},"median_abs_dev":{"confidence_interval":{"confidence_level":0.95,"lower_bound":9.090056989783939,"upper_bound":17.902431487835923},"point_estimate":15.119154968320835,"standard_error":2.244259153235238},"slope":{"confidence_interval":{"confidence_level":0.95,"lower_bound":188.60859358151689,"upper_bound":197.20310921589544},"point_estimate":192.6562146801745,"standard_error":2.198922930614853},"std_dev":{"confidence_interval":{"confidence_level":0.95,"lower_bound":11.833786423719083,"upper_bound":18.85506833015257},"point_estimate":15.476297537114943,"standard_error":1.8040999960828505}}