{"mean":{"confidence_interval":{"confidence_level":0.95,"lower_bound":-0.06973694186761788,"upper_bound":-0.04236975374319026},"point_estimate":-0.056571189022865176,"standard_error":0.006984601672494204},"median":{"confidence_interval":{"confidence_level":0.95,"lower_bound":-0.061137885359328445,"upper_bound":-0.03850587155479901},"point_estimate":-0.05085723227442662,"standard_error":0.006048292373402105}}