{"mean":{"confidence_interval":{"confidence_level":0.95,"lower_bound":16.94771209623478,"upper_bound":17.400871880838306},"point_estimate":17.173746676204566,"standard_error":0.1151053268439577},"median":{"confidence_interval":{"confidence_level":0.95,"lower_bound":16.951721298108286,"upper_bound":17.27549625805802},"point_estimate":17.102885603266596,"standard_error":0.09034502878238333},"median_abs_dev":{"confidence_interval":{"confidence_level":0.95,"lower_bound":0.6122423180084443,"upper_bound":1.4346890275491042},"point_estimate":0.922826716718683,"standard_error":0.2068280235539401},"slope":{"confidence_interval":{"confidence_level":0.95,"lower_bound":17.045558753847477,"upper_bound":17.69247120104086},"point_estimate":17.377540806563278,"standard_error":0.1647208483324603},"std_dev":{"confidence_interval":{"confidence_level":0.95,"lower_bound":0.9680217811048367,"upper_bound":1.3376194052677894},"point_estimate":1.1608132081401583,"standard_error":0.09457838626212069}}