{"mean":{"confidence_interval":{"confidence_level":0.95,"lower_bound":0.28416626890168545,"upper_bound":0.3280255053433119},"point_estimate":0.3057688387693285,"standard_error":0.011160196289075983},"median":{"confidence_interval":{"confidence_level":0.95,"lower_bound":0.2939703743087454,"upper_bound":0.32784584193070154},"point_estimate":0.31199397776884075,"standard_error":0.00844710596887408}}