{"mean":{"confidence_interval":{"confidence_level":0.95,"lower_bound":-0.08507137419419121,"upper_bound":-0.026014866310701115},"point_estimate":-0.05244447051792733,"standard_error":0.015197744984811147},"median":{"confidence_interval":{"confidence_level":0.95,"lower_bound":-0.04252801605502787,"upper_bound":-0.020967885109664075},"point_estimate":-0.02931090944085457,"standard_error":0.006470269760106907}}